{
    "ja": {
        "guide_title": "🎤 Nomujoaの使い方",
        "guide_intro": "Nomujoaは、韓国語がわからなくてもAIが完璧なファンサうちわ文字やスローガンを作ってくれるツールです。",
        "guide_feat_title": "✨ 主な機能 (Key Features)",
        "guide_f1_title": "1. AI翻訳 (AI Translation)",
        "guide_f1_desc": "単純な翻訳ではありません。「大好き」を入力すると「호랑해(ホランへ)」のようなファン用語に変換！",
        "guide_f2_title": "2. メンバー別対応 (Member Specific)",
        "guide_f2_desc": "BTS, SEVENTEEN, TWICEなど、メンバーごとの愛称やミームを学習済み。",
        "guide_f3_title": "3. デザイン編集 (Design Editor)",
        "guide_f3_desc": "可愛いスタンプや背景を選んで、保存してコンビニで印刷できます。",
        "guide_tips_title": "💡 ヒント (Tips)",
        "guide_tip1": "<strong>印刷:</strong> 保存した画像はコンビニプリントでA4サイズに印刷して使えます。",
        "guide_tip2": "<strong>おすすめ:</strong> 何を書くか迷ったら「おすすめ (Quick Pick)」を使ってみてください。",
        "btn_back": "← メインに戻る (Start Creating)",

        "privacy_title": "Privacy Policy",
        "privacy_updated": "Last updated: December 12, 2024",
        "privacy_intro_title": "1. Introduction",
        "privacy_intro_desc": "Welcome to Nomujoa. We respect your privacy...",
        "privacy_contact_title": "4. Contact Us",
        "privacy_contact_desc": "If you have any questions...",
        
        "footer_home": "Home",
        "footer_guide": "How to Use",
        "footer_privacy": "Privacy Policy",
        "footer_contact": "Contact",

        "desc": "AIが韓国語のファン用語(スラング)に翻訳します✨",
        "label_group": "1. グループ & メンバー (Group)",
        "label_member": "2. 推しメン選択 (Member)",
        "label_quick": "おすすめ (Quick Pick)",
        "label_msg": "3. メッセージ (Message)",
        "placeholder_msg": "例: 大好き、結婚して",
        "btn_gen": "✨ AIに翻訳を頼む"
    },
    "en": {
        "guide_title": "🎤 How to use Nomujoa",
        "guide_intro": "Nomujoa creates professional K-POP concert slogans instantly with AI translation.",
        "guide_feat_title": "✨ Key Features",
        "guide_f1_title": "1. AI Translation",
        "guide_f1_desc": "Translates 'I love you' into trendy fandom slang like 'Horanghae'.",
        "guide_f2_title": "2. Member Specific",
        "guide_f2_desc": "AI understands nicknames for BTS, SEVENTEEN, TWICE members.",
        "guide_f3_title": "3. Design Editor",
        "guide_f3_desc": "Decorate with stickers and backgrounds, then download for printing.",
        "guide_tips_title": "💡 Tips",
        "guide_tip1": "<strong>Print:</strong> Print the saved image on A4 paper for instant cheering boards.",
        "guide_tip2": "<strong>Quick Pick:</strong> Use 'Quick Pick' for recommended phrases.",
        "btn_back": "← Back to Home",

        "desc": "AI translates your text into Korean fandom slang ✨",
        "label_group": "1. Group & Member",
        "label_member": "2. Select Member",
        "label_quick": "Quick Pick",
        "label_msg": "3. Your Message",
        "placeholder_msg": "e.g. I love you, Marry me",
        "btn_gen": "✨ Translate with AI",

        "footer_home": "Home",
        "footer_guide": "How to Use",
        "footer_privacy": "Privacy Policy",
        "footer_contact": "Contact"
    },
    "ko": {
        "guide_title": "🎤 Nomujoa 사용법",
        "guide_intro": "한국어를 몰라도 OK! AI가 주접 멘트로 슬로건을 만들어줍니다.",
        "guide_feat_title": "✨ 주요 기능",
        "guide_f1_title": "1. AI 번역",
        "guide_f1_desc": "단순 번역이 아닌 '호랑해', '아포방포' 같은 팬덤 용어로 변환합니다.",
        "guide_f2_title": "2. 멤버별 맞춤",
        "guide_f2_desc": "그룹별, 멤버별 별명과 밈(Meme)을 완벽하게 이해합니다.",
        "guide_f3_title": "3. 디자인 에디터",
        "guide_f3_desc": "스티커와 배경을 꾸미고 저장하여 바로 인쇄하세요.",
        "guide_tips_title": "💡 꿀팁",
        "guide_tip1": "<strong>인쇄:</strong> 저장된 이미지는 A4 사이즈 인쇄에 최적화되어 있습니다.",
        "guide_tip2": "<strong>추천 문구:</strong> '빠른 선택' 탭에서 상황별 멘트를 골라보세요.",
        "btn_back": "← 메인으로 돌아가기",

        "desc": "AI가 당신의 마음을 K-POP 팬덤 용어로 번역해 드립니다 ✨",
        "label_group": "1. 그룹 & 멤버 선택",
        "label_member": "2. 최애 선택",
        "label_quick": "추천 문구 (빠른 선택)",
        "label_msg": "3. 메시지 입력",
        "placeholder_msg": "예: 사랑해, 결혼해줘",
        "btn_gen": "✨ AI 번역 시작",

        "footer_home": "홈",
        "footer_guide": "사용법",
        "footer_privacy": "개인정보처리방침",
        "footer_contact": "문의하기"
    },
    "zh": {
        "guide_title": "🎤 如何使用 Nomujoa",
        "guide_intro": "即使不懂韩语，AI也能为您制作完美的应援板。",
        "guide_feat_title": "✨ 主要功能",
        "guide_f1_title": "1. AI 翻译",
        "guide_f1_desc": "不仅是翻译，还能转换为流行的饭圈用语。",
        "guide_f2_title": "2. 成员专属",
        "guide_f2_desc": "支持 BTS, SEVENTEEN 等成员的昵称和梗。",
        "guide_f3_title": "3. 设计编辑",
        "guide_f3_desc": "添加贴纸和背景，下载后即可打印。",
        "guide_tips_title": "💡 提示",
        "guide_tip1": "<strong>打印:</strong> 保存的图片适合A4尺寸打印。",
        "guide_tip2": "<strong>推荐:</strong> 使用'推荐语句'快速制作。",
        "btn_back": "← 返回首页",

        "desc": "AI 将您的信息翻译成韩流粉丝术语 ✨",
        "label_group": "1. 选择组合和成员",
        "label_member": "2. 选择成员",
        "label_quick": "推荐语句",
        "label_msg": "3. 输入信息",
        "placeholder_msg": "例如: 我爱你, 嫁给我",
        "btn_gen": "✨ AI 翻译",

        "footer_home": "首页",
        "footer_guide": "使用指南",
        "footer_privacy": "隐私政策",
        "footer_contact": "联系我们"
    }
}