group_name,members,colors
BTS,"RM,Jin,Suga,J-Hope,Jimin,V,Jungkook","#A286B6,#000000"
SEVENTEEN,"S.COUPS,Jeonghan,Joshua,Jun,Hoshi,Wonwoo,Woozi,The8,Mingyu,DK,Seungkwan,Vernon,Dino","#F7CAC9,#92A8D1"
TWICE,"Nayeon,Jeongyeon,Momo,Sana,Jihyo,Mina,Dahyun,Chaeyoung,Tzuyu","#FF5FA2,#ECCBA6"
BLACKPINK,"Jisoo,Jennie,Rosé,Lisa","#FF69B4,#000000"
Stray Kids,"Bang Chan,Lee Know,Changbin,Hyunjin,Han,Felix,Seungmin,I.N","#000000,#FF0000"
IVE,"Yujin,Gaeul,Rei,Wonyoung,Liz,Leeseo","#FF0055,#FFFFFF"
NewJeans,"Minji,Hanni,Danielle,Haerin,Hyein","#0058C6,#FFFFFF"
aespa,"Karina,Giselle,Winter,Ningning","#9DE6F5,#5C5C9F"
RIIZE,"Shotaro,Eunseok,Sungchan,Wonbin,Sohee,Anton","#FF7A2E,#00BFFF"
ZEROBASEONE,"Sung Han Bin,Kim Ji Woong,Zhang Hao,Seok Matthew,Kim Tae Rae,Ricky,Kim Gyu Vin,Park Gun Wook,Han Yu Jin","#3498DB,#E0E0E0"
NCT 127,"Taeil,Johnny,Taeyong,Yuta,Doyoung,Jaehyun,Jungwoo,Mark,Haechan","#7FFF00,#FFFFFF"
LE SSERAFIM,"Sakura,Kim Chae-won,Huh Yun-jin,Kazuha,Hong Eun-chae","#FFFFFF,#000000"
(G)I-DLE,"Miyeon,Minnie,Soyeon,Yuqi,Shuhua","#C40E62,#E3A7C0"
ITZY,"Yeji,Lia,Ryujin,Chaeryeong,Yuna","#FFFFFF,#000000"
BIGBANG,"G-Dragon,Taeyang,Daesung","#000000,#FFD700"
ATEEZ,"Hongjoong,Seonghwa,Yunho,Yeosang,San,Mingi,Wooyoung,Jongho","#000000,#FFD700"
THE BOYZ,"Sangyeon,Jacob,Younghoon,Hyunjae,Juyeon,Kevin,New,Q,Ju Haknyeon,Sunwoo,Eric","#FFFFFF,#FF0000"
TREASURE,"Choi Hyun-suk,Jihoon,Yoshi,Junkyu,Yoon Jae-hyuk,Asahi,Doyoung,Haruto,Park Jeong-woo,So Jung-hwan","#87CEEB,#000000"
Red Velvet,"Irene,Seulgi,Wendy,Joy,Yeri","#FF69B4,#FFFFFF"
NMIXX,"Lily,Haewon,Sullyoon,Bae,Jiwoo,Kyujin","#FFFFFF,#FF0000"
STAYC,"Sumin,Sieun,Isa,Seeun,Yoon,J","#FFC0CB,#FFFFFF"
SHINee,"Onew,Key,Minho,Taemin","#88D8C0,#FFFFFF"
EXO,"Suho,Xiumin,Baekhyun,Chen,Chanyeol,D.O.,Kai,Sehun","#FFFFFF,#000000"
Monsta X,"Shownu,Minhyuk,Kihyun,Hyungwon,Joohoney,I.M","#964B00,#FFFFFF"
BOYNEXTDOOR,"Sungho,Riwoo,Jaehyun,Taesan,Leehan,Woonhak","#FFFFFF,#00BFFF"
TWS,"Shinyu,Dohoon,Youngjae,Hanjin,Jihoon,Kyungmin","#ADD8E6,#FFFFFF"
ILLIT,"Yunah,Minju,Moka,Wonhee,Iroha","#F5B4C9,#FFFFFF"
BABYMONSTER,"Ruka,Pharita,Asa,Ahyeon,Rami,Rora,Chiquita","#000000,#FFFFFF"
MAMAMOO,"Solar,Moonbyul,Wheein,Hwasa","#000000,#FFFFFF"
WayV,"Kun,Ten,Winwin,Xiaojun,Hendery,Yangyang","#7FFF00,#FFFFFF"
Kep1er,"Yujin,Xiaoting,Mashiro,Chaehyun,Dayeon,Hikaru,Huening Bahiyyih,Youngeun,Yeseo","#B19CD9,#FFFFFF"
KISS OF LIFE,"Julie,Natty,Belle,Haneul","#FF0000,#000000"
tripleS,"SeoYeon,HyeRin,JiWoo,ChaeYeon,YooYeon,SooMin,NaKyung,YuBin,Kaede,DaHyun,Kotone,YeonJi,Mayu,ShiOn,ChaeWon,SeolRin,JiYeon,BinHa,Hayumi,JooBin,DaSeul,Lynn,SeoAh,JiSook","#A8E6CF,#FFFFFF"
P1Harmony,"Keeho,Theo,Jiung,Intak,Soul,Jongseob","#FF7A2E,#FFFFFF"
Dreamcatcher,"JiU,SuA,Siyeon,Handong,Yoohyeon,Dami,Gahyeon","#000000,#800080"
Oh My Girl,"Hyojung,Mimi,YooA,Seunghee,Yubin,Arin","#FFC0CB,#FFFFFF"
ASTRO,"MJ,Jinjin,Cha Eun-woo,Moonbin,Sanha","#FFB7C5,#7B68EE"
GOT7,"Mark,Jay B,Jackson,Jinyoung,Youngjae,BamBam,Yugyeom","#00FF00,#FFFFFF"
WINNER,"Jinu,Hoony,Mino,Yoon","#4169E1,#FFFFFF"
BTOB,"Eunkwang,Minhyuk,Changsub,Hyunsik,Peniel,Sungjae","#4169E1,#FFFFFF"
Super Junior,"Leeteuk,Heechul,Yesung,Shindong,Sungmin,Eunhyuk,Siwon,Donghae,Ryeowook,Kyuhyun","#00008B,#FFFFFF"
TVXQ,"U-Know Yunho,Max Changmin","#FF0000,#FFFFFF"
2PM,"Jun. K,Nichkhun,Taecyeon,Wooyoung,Junho,Chansung","#000000,#FFFFFF"
KARA,"Gyuri,Seungyeon,Nicole,Jiyoung,Youngji","#FFD700,#FFFFFF"
Apink,"Chorong,Bomi,Eunji,Namjoo,Hayoung","#FF69B4,#FFFFFF"
Infinite,"Sungkyu,Dongwoo,Woohyun,Sungyeol,L,Sungjong","#FFD700,#000000"
VIXX,"N,Leo,Ken,Hyuk","#000080,#FFD700"
MEOVV,"Ella,Gawon,Anna,Nararin,Sooin","#000000,#FFFFFF"
KATSEYE,"Daniela,Lara,Manon,Megan,Sophia,Yoonchae","#FFFFFF,#FF0000"
QWER,"Chodan,Magenta,Hina,Siyeon","#FF1493,#FFFFFF"
PLAVE,"Noah,Bamby,Yejun,Eunho,Hamin","#6C5CE7,#FFFFFF"
UNIS,"Hyeonju,Nana,Gehlee,Kotoko,Yunha,Elisia,Yoona,Seowon","#FF69B4,#FFFFFF"
EVNNE,"Keita,Park Han-bin,Lee Jeong-hyeon,Yoo Seung-eon,Ji Yun-seo,Mun Jung-hyun,Park Ji-hoo","#2980B9,#FFFFFF"
xikers,"Minjae,Junmin,Sumin,Jinsik,Hyunwoo,Junghoon,Seeun,Yujun,Hunter,Yechan","#FF4500,#000000"
NCT WISH,"Sion,Riku,Yushi,Jaehee,Ryo,Sakuya","#7FFF00,#FFFFFF"
NEXZ,"Yu,Tomoya,Haru,Ken,Seita,Hyui,Yuki","#000000,#FFFFFF"
Madein,"Mashiro,Miu,Suhye,Yeseo,Gaeun,Serina,Nagomi","#B19CD9,#FFFFFF"
ARTMS,"Heejin,Haseul,Kim Lip,Jinsoul,Choerry","#000000,#FFFFFF"
NCT DREAM,"Mark,Renjun,Jeno,Haechan,Jaemin,Chenle,Jisung","#7FFF00,#FFFFFF"
TXT,"Soobin,Yeonjun,Beomgyu,Taehyun,Huening Kai","#0E4C92,#FFD700"
ENHYPEN,"Heeseung,Jay,Jake,Sunghoon,Sunoo,Jungwon,Ni-ki","#DA251D,#00A2FF"