term,category
최애 (Bias),General
차애 (Bias Wrecker),General
입덕 (Stan / Becoming a fan),General
탈덕 (Leaving the fandom),General
성덕 (Successful Fan),General
휴덕 (Hiatus from fandom),General
늦덕 (Late stan),General
잡덕 (Multi-stan),General
머글 (Muggle / Non-Kpop fan),General
일코 (Ilco / Hiding fandom),General
안방 1열 (Front row at home),General
덕계못 (Fans can't get lucky),General
어덕행덕 (Fan happily),General
현생 (Real life),General
혐생 (Hated real life),General
덕질 (Fangirling/Fanboying),General
스밍 (Streaming),Activity
총공 (Mass streaming/voting),Activity
조공 (Fan gifts),Activity
역조공 (Gifts from idol),Activity
피켓팅 (Blood Ticketing),Activity
용병 (Ticketing Mercenary),Activity
취켓팅 (Cancelled Ticket Hunting),Activity
포도알 (Available Seat),Activity
이선좌 (Already Selected Seat),Activity
막콘 (Last Concert),Event
첫콘 (First Concert),Event
중콘 (Middle Concert),Event
올콘 (All Concerts),Event
팬싸 (Fansign),Event
영통팬싸 (Video Call Fansign),Event
대면팬싸 (Offline Fansign),Event
쇼케 (Showcase),Event
공방 (Public Broadcast),Event
사녹 (Pre-recording),Event
본방사수 (Watch live broadcast),Event
직캠 (Fancam),Content
얼빡샷 (Extreme Close-up),Content
움짤 (GIF),Content
떡밥 (Content/Bait),Content
자컨 (Self-produced Content),Content
비하인드 (Behind the scenes),Content
티저 (Teaser),Content
뮤비 (MV / Music Video),Content
안무영상 (Dance Practice),Content
엔딩요정 (Ending Fairy),Content
킬링파트 (Killing Part),Content
도입부 장인 (Intro Master),Member
음색 깡패 (Vocal Gangster),Member
춤선 (Dance Line),Member
칼군무 (Razor-sharp Dance),Performance
떼창 (Sing-along),Performance
응원법 (Fanchant),Performance
팬미팅 (Fan Meeting),Event
시즈니 (NCTzen),Fandom Name
아미 (ARMY),Fandom Name
캐럿 (Carat),Fandom Name
스테이 (STAY),Fandom Name
모아 (MOA),Fandom Name
엔진 (ENGENE),Fandom Name
마이 (MY),Fandom Name
다이브 (DIVE),Fandom Name
버니즈 (Bunnies),Fandom Name
블링크 (BLINK),Fandom Name
원스 (ONCE),Fandom Name
믿듣 (Trust and Listen),Slang
반전매력 (Twist Charm),Slang
비주얼 (Visual),Slang
피지컬 (Physical),Slang
막내온탑 (Maknae on Top),Slang
맏내 (Matnae / Fake Maknae),Slang
센터 (Center),Position
리더 (Leader),Position
메보 (Main Vocal),Position
메댄 (Main Dancer),Position
올라운더 (All-rounder),Position
연생 (Trainee),General
데뷔 (Debut),General
컴백 (Comeback),General
막방 (Last Broadcast),Activity
활동기 (Promotion Period),Activity
공백기 (Hiatus Period),Activity
군백기 (Military Hiatus),Activity
7년 징크스 (7-Year Jinx),Culture
재계약 (Contract Renewal),Culture
해체 (Disbandment),Culture
소속사 (Agency/Company),Culture
사생 (Sasaeng),Culture
악개 (Akgae / Solo Stan),Culture
까빠 (Hater-Fan),Culture
홈마 (Homma / Fansite Master),Culture
탑꾸 (Toploader Deco),Merch
폴꾸 (Polco / Polaroid Deco),Merch
다꾸 (Diary Deco),Merch
포카 (Photo Card),Merch
미공포 (Unreleased Photo Card),Merch
럭드 (Lucky Draw),Merch
앨깡 (Album Unboxing),Merch
드볼 (Dragon Ball / Collecting All),Merch
분철 (Group Order Splitting),Merch
입덕부정기 (Denial Period),General
덕통사고 (Sudden Bias Crash),General
일코해제 (Revealing Fandom),General
안고독한방 (Not-lonely Chat Room),General
고독한방 (Lonely Chat Room),General
갓벽 (God + Perfect),Slang
주접 (Ju-jeop / Fan-gushing),Slang
실물 (Visual in person),Slang
음방 (Music Show),Activity
음원 차트 (Music Chart),Activity
정규 앨범 (Full Album),Content
미니 앨범 (Mini Album / EP),Content
싱글 (Single Album),Content
리패키지 (Repackage Album),Content
수록곡 (B-side Track),Content
타이틀곡 (Title Track),Content
세계관 (Universe / Lore),Content
서사 (Narrative),Slang
케미 (Chemistry),Slang
유닛 (Unit),Member
솔로 (Solo),Member
군무 (Group Dance),Performance
동선 (Blocking / Movement),Performance
제스처 (Gesture),Performance
표정 연기 (Facial Acting),Performance
앵콜 (Encore),Event
리앵콜 (Re-encore),Event
무대 (Stage),Performance
계자 (Industry Insider),Culture
머글탈출 (Escaping Muggle Status),General
팬클럽 (Fan Club),General
기수 (Fan Club Generation),General
선예매 (Pre-ticketing),Activity
일반예매 (General Ticketing),Activity
취소표 (Cancelled Ticket),Activity
양도 (Ticket Transfer),Activity
원가양도 (Face-value Transfer),Activity
플미 (Premium / Scalping),Activity
대리 티켓팅 (Proxy Ticketing),Activity
시제석 (Restricted View Seat),Activity
돌출 무대 (Extended Stage),Event
본무대 (Main Stage),Event
구역 (Section),Event
n열 (n-th Row),Event
전광판 (LED Screen),Event
슬로건 이벤트 (Slogan Event),Event
파도타기 (The Wave),Event
연습실 (Practice Room),Culture
데뷔곡 (Debut Track),Content
선공개곡 (Pre-release Track),Content
1위 후보 (Number 1 Nominee),Activity
트로피 (Trophy),Activity
수상소감 (Award Speech),Activity
엔딩 (Ending),Content
썸네일 (Thumbnail),Content
조회수 (View Count),Activity
하트 (Hearts / Likes),Activity
소통 (Communication),Activity
버블 (Bubble),Activity
위버스 (Weverse),Activity
라이브 (Live Broadcast),Activity
공지 (Notice),Activity
팬사랑 (Fan Love),Slang
서포트 (Support),Activity
전광판 광고 (Billboard Ad),Activity
생일카페 (Birthday Cafe),Event
컵홀더 (Cup Sleeve),Merch
특전 (Benefits / Freebies),Merch
예판 (Pre-order),Activity
영통 (Video Call),Event
오프 (Offline Event),General
안방덕후 (Home Fan),General
해외덕 (International Fan),General
덕질 메이트 (Fan Mate),General
계정 (Account),General
팔로워 (Followers),General
실시간 트렌드 (Real-time Trend),Activity
해시태그 (Hashtag),Activity
연합 (Alliance),General
투표 독려 (Voting Encouragement),Activity
시그 (Season's Greetings),Merch
캘린더 (Calendar),Merch
다이어리 (Diary),Merch
포스터 (Poster),Merch
인형 (Plushie / Doll),Merch
뱃지 (Badge),Merch
키링 (Keyring),Merch
슬리브 (Sleeve),Merch
바인더 (Binder),Merch
콜북 (Collect Book),Merch
응원봉 (Light Stick),Merch
슬로건 (Slogan),Merch
나눔 (Freebie),Activity
숨듣명 (Hidden Gem Songs),Content
노동 (Streaming Labor),Activity
덕후 (Otaku / Fan),General
갓생 (God-life / Productive Life),General
실물접견 (Meeting in Person),Activity
팬매니저 (Fan Manager),Culture
서포터즈 (Supporters),General